{
  "_format": "hh-sol-cache-2",
  "files": {
    "/Users/arnabray/Documents/GitHub/erc721Ai/contracts/ERC721Ai.sol": {
      "lastModificationDate": 1718429462073,
      "contentHash": "1dd08761931bfeddd619737f271dbac0",
      "sourceName": "contracts/ERC721Ai.sol",
      "solcConfig": {
        "version": "0.8.20",
        "settings": {
          "optimizer": {
            "enabled": true,
            "runs": 200
          },
          "evmVersion": "paris",
          "outputSelection": {
            "*": {
              "*": [
                "abi",
                "evm.bytecode",
                "evm.deployedBytecode",
                "evm.methodIdentifiers",
                "metadata"
              ],
              "": [
                "ast"
              ]
            }
          }
        }
      },
      "imports": [
        "erc721a/contracts/ERC721A.sol",
        "@openzeppelin/contracts/access/Ownable.sol"
      ],
      "versionPragmas": [
        "^0.8.17"
      ],
      "artifacts": [
        "ERC721Ai"
      ]
    },
    "/Users/arnabray/Documents/GitHub/erc721Ai/node_modules/erc721a/contracts/ERC721A.sol": {
      "lastModificationDate": 1718259562238,
      "contentHash": "f00e8b038a7d958f397c9fb8d107ec1c",
      "sourceName": "erc721a/contracts/ERC721A.sol",
      "solcConfig": {
        "version": "0.8.20",
        "settings": {
          "optimizer": {
            "enabled": true,
            "runs": 200
          },
          "evmVersion": "paris",
          "outputSelection": {
            "*": {
              "*": [
                "abi",
                "evm.bytecode",
                "evm.deployedBytecode",
                "evm.methodIdentifiers",
                "metadata"
              ],
              "": [
                "ast"
              ]
            }
          }
        }
      },
      "imports": [
        "./IERC721A.sol"
      ],
      "versionPragmas": [
        "^0.8.4"
      ],
      "artifacts": [
        "ERC721A",
        "ERC721A__IERC721Receiver"
      ]
    },
    "/Users/arnabray/Documents/GitHub/erc721Ai/node_modules/@openzeppelin/contracts/access/Ownable.sol": {
      "lastModificationDate": 1718101977831,
      "contentHash": "d3c790edc9ccf808a17c5a6cd13614fd",
      "sourceName": "@openzeppelin/contracts/access/Ownable.sol",
      "solcConfig": {
        "version": "0.8.20",
        "settings": {
          "optimizer": {
            "enabled": true,
            "runs": 200
          },
          "evmVersion": "paris",
          "outputSelection": {
            "*": {
              "*": [
                "abi",
                "evm.bytecode",
                "evm.deployedBytecode",
                "evm.methodIdentifiers",
                "metadata"
              ],
              "": [
                "ast"
              ]
            }
          }
        }
      },
      "imports": [
        "../utils/Context.sol"
      ],
      "versionPragmas": [
        "^0.8.20"
      ],
      "artifacts": [
        "Ownable"
      ]
    },
    "/Users/arnabray/Documents/GitHub/erc721Ai/node_modules/erc721a/contracts/IERC721A.sol": {
      "lastModificationDate": 1718259562239,
      "contentHash": "f6791e37b41ad9fa583adb9845c17d51",
      "sourceName": "erc721a/contracts/IERC721A.sol",
      "solcConfig": {
        "version": "0.8.20",
        "settings": {
          "optimizer": {
            "enabled": true,
            "runs": 200
          },
          "evmVersion": "paris",
          "outputSelection": {
            "*": {
              "*": [
                "abi",
                "evm.bytecode",
                "evm.deployedBytecode",
                "evm.methodIdentifiers",
                "metadata"
              ],
              "": [
                "ast"
              ]
            }
          }
        }
      },
      "imports": [],
      "versionPragmas": [
        "^0.8.4"
      ],
      "artifacts": [
        "IERC721A"
      ]
    },
    "/Users/arnabray/Documents/GitHub/erc721Ai/node_modules/@openzeppelin/contracts/utils/Context.sol": {
      "lastModificationDate": 1718101977698,
      "contentHash": "67bfbc07588eb8683b3fd8f6f909563e",
      "sourceName": "@openzeppelin/contracts/utils/Context.sol",
      "solcConfig": {
        "version": "0.8.20",
        "settings": {
          "optimizer": {
            "enabled": true,
            "runs": 200
          },
          "evmVersion": "paris",
          "outputSelection": {
            "*": {
              "*": [
                "abi",
                "evm.bytecode",
                "evm.deployedBytecode",
                "evm.methodIdentifiers",
                "metadata"
              ],
              "": [
                "ast"
              ]
            }
          }
        }
      },
      "imports": [],
      "versionPragmas": [
        "^0.8.20"
      ],
      "artifacts": [
        "Context"
      ]
    },
    "/Users/arnabray/Documents/GitHub/erc721Ai/node_modules/@openzeppelin/contracts/proxy/transparent/ProxyAdmin.sol": {
      "lastModificationDate": 1718101977834,
      "contentHash": "bbd45bfcd6202c35718661cc5d051226",
      "sourceName": "@openzeppelin/contracts/proxy/transparent/ProxyAdmin.sol",
      "solcConfig": {
        "version": "0.8.20",
        "settings": {
          "optimizer": {
            "enabled": true,
            "runs": 200
          },
          "evmVersion": "paris",
          "outputSelection": {
            "*": {
              "*": [
                "abi",
                "evm.bytecode",
                "evm.deployedBytecode",
                "evm.methodIdentifiers",
                "metadata"
              ],
              "": [
                "ast"
              ]
            }
          }
        }
      },
      "imports": [
        "./TransparentUpgradeableProxy.sol",
        "../../access/Ownable.sol"
      ],
      "versionPragmas": [
        "^0.8.20"
      ],
      "artifacts": [
        "ProxyAdmin"
      ]
    },
    "/Users/arnabray/Documents/GitHub/erc721Ai/node_modules/@openzeppelin/contracts/proxy/transparent/TransparentUpgradeableProxy.sol": {
      "lastModificationDate": 1718101977844,
      "contentHash": "1837abdda8dba1ca489539d966a22bdc",
      "sourceName": "@openzeppelin/contracts/proxy/transparent/TransparentUpgradeableProxy.sol",
      "solcConfig": {
        "version": "0.8.20",
        "settings": {
          "optimizer": {
            "enabled": true,
            "runs": 200
          },
          "evmVersion": "paris",
          "outputSelection": {
            "*": {
              "*": [
                "abi",
                "evm.bytecode",
                "evm.deployedBytecode",
                "evm.methodIdentifiers",
                "metadata"
              ],
              "": [
                "ast"
              ]
            }
          }
        }
      },
      "imports": [
        "../ERC1967/ERC1967Utils.sol",
        "../ERC1967/ERC1967Proxy.sol",
        "../../interfaces/IERC1967.sol",
        "./ProxyAdmin.sol"
      ],
      "versionPragmas": [
        "^0.8.20"
      ],
      "artifacts": [
        "ITransparentUpgradeableProxy",
        "TransparentUpgradeableProxy"
      ]
    },
    "/Users/arnabray/Documents/GitHub/erc721Ai/node_modules/@openzeppelin/contracts/interfaces/IERC1967.sol": {
      "lastModificationDate": 1718101977786,
      "contentHash": "4e17c826a54a8ee1a185449d4695d07d",
      "sourceName": "@openzeppelin/contracts/interfaces/IERC1967.sol",
      "solcConfig": {
        "version": "0.8.20",
        "settings": {
          "optimizer": {
            "enabled": true,
            "runs": 200
          },
          "evmVersion": "paris",
          "outputSelection": {
            "*": {
              "*": [
                "abi",
                "evm.bytecode",
                "evm.deployedBytecode",
                "evm.methodIdentifiers",
                "metadata"
              ],
              "": [
                "ast"
              ]
            }
          }
        }
      },
      "imports": [],
      "versionPragmas": [
        "^0.8.20"
      ],
      "artifacts": [
        "IERC1967"
      ]
    },
    "/Users/arnabray/Documents/GitHub/erc721Ai/node_modules/@openzeppelin/contracts/proxy/ERC1967/ERC1967Utils.sol": {
      "lastModificationDate": 1718101977729,
      "contentHash": "838bc3ef3bcf0376af7d9b2041989b6a",
      "sourceName": "@openzeppelin/contracts/proxy/ERC1967/ERC1967Utils.sol",
      "solcConfig": {
        "version": "0.8.20",
        "settings": {
          "optimizer": {
            "enabled": true,
            "runs": 200
          },
          "evmVersion": "paris",
          "outputSelection": {
            "*": {
              "*": [
                "abi",
                "evm.bytecode",
                "evm.deployedBytecode",
                "evm.methodIdentifiers",
                "metadata"
              ],
              "": [
                "ast"
              ]
            }
          }
        }
      },
      "imports": [
        "../beacon/IBeacon.sol",
        "../../utils/Address.sol",
        "../../utils/StorageSlot.sol"
      ],
      "versionPragmas": [
        "^0.8.20"
      ],
      "artifacts": [
        "ERC1967Utils"
      ]
    },
    "/Users/arnabray/Documents/GitHub/erc721Ai/node_modules/@openzeppelin/contracts/proxy/ERC1967/ERC1967Proxy.sol": {
      "lastModificationDate": 1718101977728,
      "contentHash": "48a23123892520179a95b4461c1d752a",
      "sourceName": "@openzeppelin/contracts/proxy/ERC1967/ERC1967Proxy.sol",
      "solcConfig": {
        "version": "0.8.20",
        "settings": {
          "optimizer": {
            "enabled": true,
            "runs": 200
          },
          "evmVersion": "paris",
          "outputSelection": {
            "*": {
              "*": [
                "abi",
                "evm.bytecode",
                "evm.deployedBytecode",
                "evm.methodIdentifiers",
                "metadata"
              ],
              "": [
                "ast"
              ]
            }
          }
        }
      },
      "imports": [
        "../Proxy.sol",
        "./ERC1967Utils.sol"
      ],
      "versionPragmas": [
        "^0.8.20"
      ],
      "artifacts": [
        "ERC1967Proxy"
      ]
    },
    "/Users/arnabray/Documents/GitHub/erc721Ai/node_modules/@openzeppelin/contracts/utils/Address.sol": {
      "lastModificationDate": 1718101977681,
      "contentHash": "79c699f80eb8a9b168cb34e37816f894",
      "sourceName": "@openzeppelin/contracts/utils/Address.sol",
      "solcConfig": {
        "version": "0.8.20",
        "settings": {
          "optimizer": {
            "enabled": true,
            "runs": 200
          },
          "evmVersion": "paris",
          "outputSelection": {
            "*": {
              "*": [
                "abi",
                "evm.bytecode",
                "evm.deployedBytecode",
                "evm.methodIdentifiers",
                "metadata"
              ],
              "": [
                "ast"
              ]
            }
          }
        }
      },
      "imports": [],
      "versionPragmas": [
        "^0.8.20"
      ],
      "artifacts": [
        "Address"
      ]
    },
    "/Users/arnabray/Documents/GitHub/erc721Ai/node_modules/@openzeppelin/contracts/proxy/beacon/IBeacon.sol": {
      "lastModificationDate": 1718101977777,
      "contentHash": "0a5c323fd908535580597848b8e550fb",
      "sourceName": "@openzeppelin/contracts/proxy/beacon/IBeacon.sol",
      "solcConfig": {
        "version": "0.8.20",
        "settings": {
          "optimizer": {
            "enabled": true,
            "runs": 200
          },
          "evmVersion": "paris",
          "outputSelection": {
            "*": {
              "*": [
                "abi",
                "evm.bytecode",
                "evm.deployedBytecode",
                "evm.methodIdentifiers",
                "metadata"
              ],
              "": [
                "ast"
              ]
            }
          }
        }
      },
      "imports": [],
      "versionPragmas": [
        "^0.8.20"
      ],
      "artifacts": [
        "IBeacon"
      ]
    },
    "/Users/arnabray/Documents/GitHub/erc721Ai/node_modules/@openzeppelin/contracts/utils/StorageSlot.sol": {
      "lastModificationDate": 1718101977841,
      "contentHash": "08cbccfefa284405c12b4bfa8c8c9c2b",
      "sourceName": "@openzeppelin/contracts/utils/StorageSlot.sol",
      "solcConfig": {
        "version": "0.8.20",
        "settings": {
          "optimizer": {
            "enabled": true,
            "runs": 200
          },
          "evmVersion": "paris",
          "outputSelection": {
            "*": {
              "*": [
                "abi",
                "evm.bytecode",
                "evm.deployedBytecode",
                "evm.methodIdentifiers",
                "metadata"
              ],
              "": [
                "ast"
              ]
            }
          }
        }
      },
      "imports": [],
      "versionPragmas": [
        "^0.8.20"
      ],
      "artifacts": [
        "StorageSlot"
      ]
    },
    "/Users/arnabray/Documents/GitHub/erc721Ai/node_modules/@openzeppelin/contracts/proxy/Proxy.sol": {
      "lastModificationDate": 1718101977833,
      "contentHash": "35308c2fa7be99a959494c37e8257c16",
      "sourceName": "@openzeppelin/contracts/proxy/Proxy.sol",
      "solcConfig": {
        "version": "0.8.20",
        "settings": {
          "optimizer": {
            "enabled": true,
            "runs": 200
          },
          "evmVersion": "paris",
          "outputSelection": {
            "*": {
              "*": [
                "abi",
                "evm.bytecode",
                "evm.deployedBytecode",
                "evm.methodIdentifiers",
                "metadata"
              ],
              "": [
                "ast"
              ]
            }
          }
        }
      },
      "imports": [],
      "versionPragmas": [
        "^0.8.20"
      ],
      "artifacts": [
        "Proxy"
      ]
    },
    "/Users/arnabray/Documents/GitHub/erc721Ai/contracts/Proxies.sol": {
      "lastModificationDate": 1718103000190,
      "contentHash": "43dd1c8c4fac6d269c50f6a81da43d0d",
      "sourceName": "contracts/Proxies.sol",
      "solcConfig": {
        "version": "0.8.20",
        "settings": {
          "optimizer": {
            "enabled": true,
            "runs": 200
          },
          "evmVersion": "paris",
          "outputSelection": {
            "*": {
              "*": [
                "abi",
                "evm.bytecode",
                "evm.deployedBytecode",
                "evm.methodIdentifiers",
                "metadata"
              ],
              "": [
                "ast"
              ]
            }
          }
        }
      },
      "imports": [
        "@openzeppelin/contracts/proxy/transparent/ProxyAdmin.sol",
        "@openzeppelin/contracts/proxy/transparent/TransparentUpgradeableProxy.sol"
      ],
      "versionPragmas": [
        "^0.8.9"
      ],
      "artifacts": []
    }
  }
}
